"product_name","product_price"
"Ferris Wheel Press Fountain Pen Ink - The Bookshoppe Collection - Peter Moss (38mL)","$24.00"
"Ferris Wheel Press Fountain Pen Ink - The Bookshoppe Collection - Storied Blue (38mL)","$24.00"
"Ferris Wheel Press Fountain Pen Ink - The Bookshoppe Collection - Wonderland in Coral (38mL)","$24.00"
"Esterbrook Fountain Pen Ink - Shimmer Tangerine (50mL)","$45.00"
"Esterbrook Fountain Pen Ink - Shimmer Lilac (50mL)","$45.00"
"Esterbrook Fountain Pen Ink - Shimmer Aqua (50mL)","$45.00"
"Esterbrook Fountain Pen Ink - Tangerine (50mL)","$38.00"
"Esterbrook Fountain Pen Ink - Scarlet (50mL)","$38.00"
"Esterbrook Fountain Pen Ink - Evergreen (50mL)","$38.00"
"Esterbrook Fountain Pen Ink - Ebony (50mL)","$38.00"
"Esterbrook Fountain Pen Ink - Cobalt Blue (50mL)","$38.00"
"Esterbrook Fountain Pen Ink - Aqua (50mL)","$38.00"
"Ink Institute Fountain Pen Ink (30mL) - Jade Vine","$22.00"
"Ink Institute Fountain Pen Ink (30mL) - Taipei Metro - Bannan Line","$22.00"
"Ink Institute Fountain Pen Ink (30mL) - Taipei Metro - Songshan-Xindian Line","$22.00"
"Ink Institute Fountain Pen Ink (30mL) - Taipei Metro - Tamshui-Xinye Line","$22.00"
"Ink Institute Fountain Pen Ink (30mL) - Taipei Metro - Zhonghe-Xinlu Line","$22.00"
"Ink Institute Fountain Pen Ink (30mL) - Taipei Metro - Wenhu Line","$22.00"
"Ink Institute Fountain Pen Ink (30mL) - Taipei Metro - Circular Line","$22.00"
"Private Reserve Fountain Pen Ink (60mL) - Spearmint","$19.00"
"Private Reserve Fountain Pen Ink (60mL) - Sepia","$19.00"
"Private Reserve Fountain Pen Ink (60mL) - Plum","$19.00"
"Private Reserve Fountain Pen Ink (60mL) - Naples Blue","$19.00"
"Private Reserve Fountain Pen Ink (60mL) - Ebony Brown","$19.00"
"Private Reserve Fountain Pen Ink (60mL) - Copper Burst","$19.00"
"Private Reserve Fountain Pen Ink (60mL) - Black Cherry","$19.00"
"Private Reserve Fountain Pen Ink (60mL) - Avocado","$19.00"
"Ferris Wheel Press Fountain Pen Ink - Twilight Garden Collection - Main St. Marmalade (38mL)","$24.00"
"Ferris Wheel Press Fountain Pen Ink - Twilight Garden Collection - Edwards Gardens (38mL)","$24.00"
"Ferris Wheel Press Fountain Pen Ink - Twilight Garden Collection - Dusk in Bloom (38mL)","$24.00"
"Free Add-On - Mystery Unlabelled Ink Sample Pack of 5","$100.00"
"Ink Institute Fountain Pen Ink (30mL) - Cat at Midnight","$22.00"
"Ink Institute Fountain Pen Ink (30mL) - Cat at Dusk","$22.00"
"Ink Institute Fountain Pen Ink (30mL) - Cat at Noon","$22.00"
"Ink Institute Fountain Pen Ink (30mL) - Cat at Dawn","$22.00"
"Private Reserve Fountain Pen Ink (60mL) - Ebony Blue","$19.00"
"Private Reserve Fountain Pen Ink (60mL) - Velvet Black","$19.00"
"Private Reserve Fountain Pen Ink (60mL) - Sherwood Green","$19.00"
"Private Reserve Fountain Pen Ink (60mL) - Midnight Blue","$19.00"
"Private Reserve Fountain Pen Ink (60mL) - Ebony Purple","$19.00"
"Private Reserve Fountain Pen Ink (60mL) - Invincible Black","$19.00"
"Private Reserve Fountain Pen Ink (60mL) - Invincible Blue","$19.00"
"Private Reserve Fountain Pen Ink (60mL) - DC Supershow Blue","$19.00"
"Private Reserve Fountain Pen Ink (60mL) - Electric DC Blue","$19.00"
"Private Reserve Fountain Pen Ink (60mL) - Blue Suede","$19.00"
"Ferris Wheel Press Fountain Pen Ink - Morningside Collection - Morningside Mint (38mL)","$24.00"
"Ferris Wheel Press Fountain Pen Ink - Morningside Collection - Madam Mulberry (38mL)","$24.00"
"Ferris Wheel Press Fountain Pen Ink - Morningside Collection - April Showers (38mL)","$24.00"
"Kaweco Fountain Pen Ink (50mL) - Midnight Blue (Blue-Black)","$20.00"
"Kaweco Fountain Pen Ink (50mL) - Paradise Blue (Turquoise)","$20.00"
"Kaweco Fountain Pen Ink (50mL) - Summer Purple (Purple)","$20.00"
"Kaweco Fountain Pen Ink (50mL) - Pearl Black (Black)","$20.00"
"Kaweco Fountain Pen Ink (50mL) - Palm Green (Green)","$20.00"
"Kaweco Fountain Pen Ink (50mL) - Ruby Red (Red)","$20.00"
"Kaweco Fountain Pen Ink (50mL) - Caramel Brown (Brown)","$20.00"
"Kaweco Fountain Pen Ink (50mL) - Smokey Grey","$20.00"
"Kaweco Fountain Pen Ink (50mL) - Sunrise Orange","$20.00"
"Kaweco Fountain Pen Ink (50mL) - Royal Blue","$20.00"
"Kyo No Oto Bottled Fountain Pen Ink (40mL) - Ryokuyuiro","$44.00"
"Kyo No Oto Bottled Fountain Pen Ink (40mL) - Ruriiro","$44.00"
"Noodler's Fountain Pen Ink (3oz/90mL) - X-Feather Blue","$18.75"
"Mystery Sailor Studio Ink Sample Pack of 5","$17.00"
"Rohrer & Klingner Fountain Pen Ink (50mL) - 2021 Special Edition - Isatis Tinctoria","$20.00"
"Diamine Fountain Pen Ink (80mL) - Graphite","$16.00"
"Lamy Fountain Pen Ink (50mL) - Red","$18.00"
"Pilot Ink Cartridges - Blue-Black","$5.50"
"Noodler's 90mL Fountain Pen Ink - Hellfire","$18.75"
"Ferris Wheel Press Fountain Pen Ink - Sweet Honeydew 38mL","$24.00"
"Ferris Wheel Press Fountain Pen Ink - Peppermint Drop 38mL","$24.00"
"Ferris Wheel Press Fountain Pen Ink - Summer 2020 Series - Definitely Peachy (85mL)","$48.00"
"Ferris Wheel Press Fountain Pen Ink - Winter 2020 Series - Sparkling Champagne (38mL)","$24.00"
"Ferris Wheel Press Fountain Pen Ink - Winter 2020 Series - Misguided Mistletoe (38mL)","$24.00"
"Ferris Wheel Press Fountain Pen Ink - Winter 2020 Series - Wondrous Winterberry (38mL)","$24.00"
"Ferris Wheel Press Fountain Pen Ink - Autumn 2020 Series - Goose Poupon (38mL)","$24.00"
"Ferris Wheel Press Fountain Pen Ink - Autumn 2020 Series - Moss Park Green (38mL)","$24.00"
"Ferris Wheel Press Fountain Pen Ink - Autumn 2020 Series - Beaver Dam Brown (38mL)","$24.00"
"Ferris Wheel Press Fountain Pen Ink - Autumn 2020 Series - Autumn in Auburn (38mL)","$24.00"
"Ferris Wheel Press Fountain Pen Ink - Autumn 2020 Series - Royal Rhubarb (38mL)","$24.00"
"Ferris Wheel Press Fountain Pen Ink - Autumn 2020 Series - Algonquin Maple (38mL)","$24.00"
"Ferris Wheel Press Fountain Pen Ink - Summer 2020 Series - Frivolous Lime (38mL)","$24.00"
"Ferris Wheel Press Fountain Pen Ink - Summer 2020 Series - Freshly Squeezed Sunshine (38mL)","$24.00"
"Ferris Wheel Press Fountain Pen Ink - Summer 2020 Series - Mirror Mirror of Moraine (38mL)","$24.00"
"Ferris Wheel Press Fountain Pen Ink - Summer 2020 Series - Double Raspberry (38mL)","$24.00"
"Ferris Wheel Press Fountain Pen Ink - Summer 2020 Series - Definitely Peachy (38mL)","$24.00"
"Ferris Wheel Press Fountain Pen Ink - Summer 2020 Series - Three Steamboats (38mL)","$24.00"
"Sailor Kobe Bottled Ink - Maiko-West Pearl Blue #68","$50.00"
"Sailor Kobe Bottled Ink - Himeajisai #57","$50.00"
"Sailor Kobe Bottled Ink - Rokko Shichidanka #56","$50.00"
"Sailor Kobe Bottled Ink - Shioya Vintage Sepia #52","$50.00"
"J. Herbin 1798 Anniversary Fountain Pen Ink (50mL) - Vert Atlantide","$40.00"
"Diamine Inkvent Fountain Pen Ink (50mL) - Winter Miracle","$19.00"
"Diamine Inkvent Fountain Pen Ink (50mL) - Triple Chocolate","$16.00"
"Diamine Inkvent Fountain Pen Ink (50mL) - Solstice","$19.00"
"Diamine Inkvent Fountain Pen Ink (50mL) - Snow Storm","$19.00"
"Diamine Inkvent Fountain Pen Ink (50mL) - Season's Greetings","$17.00"
"Diamine Inkvent Fountain Pen Ink (50mL) - Roasted Chestnut","$16.00"
"Diamine Inkvent Fountain Pen Ink (50mL) - Purple Bow","$16.00"
"Diamine Inkvent Fountain Pen Ink (50mL) - Polar Glow","$17.00"
"Diamine Inkvent Fountain Pen Ink (50mL) - Poinsettia","$16.00"
"Diamine Inkvent Fountain Pen Ink (50mL) - Nutcracker","$16.00"
"Diamine Inkvent Fountain Pen Ink (50mL) - Noel","$17.00"
"Diamine Inkvent Fountain Pen Ink (50mL) - Mulled Wine","$16.00"
"Diamine Inkvent Fountain Pen Ink (50mL) - Mistletoe","$16.00"
"Diamine Inkvent Fountain Pen Ink (50mL) - Midnight Hour","$17.00"
"Diamine Inkvent Fountain Pen Ink (50mL) - Jack Frost","$19.00"
"Diamine Inkvent Fountain Pen Ink (50mL) - Holly","$17.00"
"Diamine Inkvent Fountain Pen Ink (50mL) - Ho Ho Ho","$16.00"
"Diamine Inkvent Fountain Pen Ink (50mL) - Happy Holidays","$19.00"
"Diamine Inkvent Fountain Pen Ink (50mL) - Gold Star","$19.00"
"Diamine Inkvent Fountain Pen Ink (50mL) - Gingerbread","$16.00"
"Diamine Inkvent Fountain Pen Ink (50mL) - Fire Embers","$16.00"
"Diamine Inkvent Fountain Pen Ink (50mL) - Festive Cheer","$17.00"
"Diamine Inkvent Fountain Pen Ink (50mL) - Elf","$16.00"
"Diamine Inkvent Fountain Pen Ink (50mL) - Candy Cane","$16.00"
"Diamine Inkvent Fountain Pen Ink (50mL) - Blue Peppermint","$19.00"
"Noodler's Fountain Pen Ink (16oz/473mL) - Navajo Turquoise","$75.00"
"Noodler's Fountain Pen Ink (16oz/473mL) - 54th Massachusetts","$75.00"
"Sailor Manyo Fountain Pen Ink (50mL) - Chigaya","$35.00"
"Sailor Manyo Fountain Pen Ink (50mL) - Shirakashi","$35.00"
"Sailor Manyo Fountain Pen Ink (50mL) - Ukikusa","$35.00"
"Sailor Manyo Fountain Pen Ink (50mL) - Kakitsubata","$35.00"
"Sailor Manyo Fountain Pen Ink (50mL) - Konagi","$35.00"
"Sailor Manyo Fountain Pen Ink (50mL) - Nadeshiko","$35.00"
"Sailor Manyo Fountain Pen Ink (50mL) - Ume","$35.00"
"Sailor Manyo Fountain Pen Ink (50mL) - Sakura","$35.00"
"Sailor Shikiori Ink Cartridges - Shimoyo","$8.25"
"Sailor Shikiori Ink Cartridges - Yozakura","$8.25"
"Sailor Shikiori Ink Cartridges - Chushu","$8.25"
"Sailor Shikiori Ink Cartridges - Rikyucha","$8.25"
"Sailor Shikiori Ink Cartridges - Okuyama","$8.25"
"Sailor Shikiori Ink Cartridges - Souten","$8.25"
"TWSBI Fountain Pen Ink (70mL) - Red","$22.00"
"TWSBI Fountain Pen Ink (70mL) - Midnight Blue","$22.00"
"TWSBI Fountain Pen Ink (70mL) - Blue","$22.00"
"TWSBI Fountain Pen Ink (70mL) - Black","$22.00"
"TWSBI Fountain Pen Ink (70mL) - Blue-Black","$22.00"
"TWSBI 1791 Fountain Pen Inks - Special Edition - Full Set of Six","$50.00"
"TWSBI 1791 Fountain Pen Inks (18mL) - Special Edition - Sky Blue","$9.50"
"TWSBI 1791 Fountain Pen Inks (18mL) - Special Edition - Royal Purple","$9.50"
"TWSBI 1791 Fountain Pen Inks (18mL) - Special Edition - Pink","$9.50"
"TWSBI 1791 Fountain Pen Inks (18mL) - Special Edition - Prairie Green","$9.50"
"TWSBI 1791 Fountain Pen Inks (18mL) - Special Edition - Orange","$9.50"
"TWSBI 1791 Fountain Pen Inks (18mL) - Special Edition - Emerald Green","$9.50"
"TOOLS to LIVEBY Fountain Pen Ink - 30mL - Red","$65.00"
"TOOLS to LIVEBY Fountain Pen Ink - 30mL - Green","$65.00"
"TOOLS to LIVEBY Fountain Pen Ink - 30mL - Blue Black","$65.00"
"Platinum Ink Cartridges - Yellow (Pack of 2)","$4.40"
"Platinum Ink Cartridges - Red (Pack of 2)","$4.40"
"Sailor Kobe Bottled Ink - Arima Amber #8","$50.00"
"Sailor Kobe Bottled Ink - Kaikyo Blue #7","$50.00"
"Sailor Kobe Bottled Ink - Bordeaux #6","$50.00"
"Sailor Kobe Bottled Ink - Hirano Gion Romance Gray #59","$50.00"
"Sailor Kobe Bottled Ink - Kyomachi Legend Blue #50","$50.00"
"Sailor Kobe Bottled Ink - Suidousuji Marche Blue #48","$50.00"
"Sailor Kobe Bottled Ink - Aotani Cascade Green #47","$50.00"
"Sailor Kobe Bottled Ink - Sumaura Seaside Blue #44","$50.00"
"Sailor Kobe Bottled Ink - Ijinkan Red #4","$50.00"
"Sailor Kobe Bottled Ink - Renga #39","$50.00"
"Sailor Kobe Bottled Ink - Suwayama Leafgreen #35","$50.00"
"Sailor Kobe Bottled Ink - Sorakuen Tea Green #34","$50.00"
"Sailor Kobe Bottled Ink - Oji Cherry #30","$50.00"
"Sailor Kobe Bottled Ink - Kounan Maroon #27","$50.00"
"Sailor Kobe Bottled Ink - Nakayamate Black #24","$50.00"
"Sailor Kobe Bottled Ink - Shinkaichi Gold #22","$50.00"
"Sailor Kobe Bottled Ink - Taisanji Yellow #21","$50.00"
"Sailor Kobe Bottled Ink - Hatoba Blue #2","$50.00"
"Sailor Kobe Bottled Ink - Minatogawa Lime #19","$50.00"
"Sailor Kobe Bottled Ink - Sannomiya Panse #18","$50.00"
"Sailor Kobe Bottled Ink - Shioya Blue #17","$50.00"
"Sailor Kobe Bottled Ink - Nada Brown #16","$50.00"
"Sailor Kobe Bottled Ink - Maiko Green #15","$50.00"
"Sailor Kobe Bottled Ink - Maya Lapis #14","$50.00"
"Sailor Kobe Bottled Ink - Nunobuki Emerald #13","$50.00"
"Sailor Kobe Bottled Ink - Ikuta Orange #11","$50.00"
"Diamine Fountain Pen Ink (80mL) - Steel Blue","$16.00"
"Sailor Ink Studio - Fountain Pen Ink (20mL)","$24.50"
"Waterman Ink Cartridges - Serenity Blue","$9.60"
"Waterman Ink Cartridges - Intense Black","$9.60"
"Waterman Ink Cartridges - Mysterious Blue","$9.60"
"Waterman Fountain Pen Ink - Absolute Brown","$11.50"
"Waterman Fountain Pen Ink - Inspired Blue","$11.50"
"Waterman Fountain Pen Ink - Mysterious Blue","$11.50"
"Waterman Fountain Pen Ink - Harmonious Green","$11.50"
"Waterman Fountain Pen Ink - Tender Purple","$11.50"
"Waterman Fountain Pen Ink - Audacious Red","$11.50"
"Waterman Fountain Pen Ink - Serenity Blue","$11.50"
"Waterman Fountain Pen Ink - Intense Black","$11.50"
"Platinum Pigment Ink Cartridges - Blue (Box of 10)","$10.50"
"Pilot Short Ink Cartridges (For Petit1) - Black (Pack of 3)","$2.90"
"Mystery Ink Sample Pack of 5","$12.00"
"Lamy Ink Cartridges - Violet (Box of 5)","$5.50"
"Lamy Ink Cartridges - Turquoise (Box of 5)","$5.50"
"Lamy Ink Cartridges - Red (Box of 5)","$5.50"
"Lamy Ink Cartridges - Green (Box of 5)","$5.50"
"Lamy Ink Cartridges - Blue (Box of 5)","$5.50"
"Lamy Ink Cartridges - Blue-Black (Box of 5)","$5.50"
"Lamy Ink Cartridges - Black (Box of 5)","$5.50"
"LAMY Crystal Fountain Pen Ink (30mL) - Topaz","$22.00"
"LAMY Crystal Fountain Pen Ink (30mL) - Ruby","$22.00"
"LAMY Crystal Fountain Pen Ink (30mL) - Rhodonite","$22.00"
"LAMY Crystal Fountain Pen Ink (30mL) - Peridot","$22.00"
"LAMY Crystal Fountain Pen Ink (30mL) - Obsidian","$22.00"
"LAMY Crystal Fountain Pen Ink (30mL) - Beryl","$22.00"
"LAMY Crystal Fountain Pen Ink (30mL) - Benitoite","$22.00"
"LAMY Crystal Fountain Pen Ink (30mL) - Azurite","$22.00"
"LAMY Crystal Fountain Pen Ink (30mL) - Amazonite","$22.00"
"LAMY Crystal Fountain Pen Ink (30mL) - Agate","$22.00"
"Lamy Fountain Pen Ink (50mL) - Blue-Black","$18.00"
"Lamy Fountain Pen Ink (50mL) - Green","$18.00"
"Lamy Fountain Pen Ink (50mL) - Blue","$18.00"
"Lamy Fountain Pen Ink (50mL) - Black","$18.00"
"Kyo No Oto Bottled Fountain Pen Ink (40mL) - Ochiguriiro","$40.00"
"Kyo No Oto Bottled Fountain Pen Ink (40mL) - Sakuranezumi","$40.00"
"Kyo No Oto Bottled Fountain Pen Ink (40mL) - Moegiiro","$40.00"
"Kyo No Oto Bottled Fountain Pen Ink (40mL) - Hisoku","$40.00"
"Kyo No Oto Bottled Fountain Pen Ink (40mL) - Adzukiiro","$40.00"
"Kyo No Oto Bottled Fountain Pen Ink (40mL) - Aonibi","$40.00"
"Kyo No Oto Bottled Fountain Pen Ink (40mL) - Yamabukiiro","$40.00"
"Kyo No Oto Bottled Fountain Pen Ink (40mL) - Kokeiro","$40.00"
"Kyo No Oto Bottled Fountain Pen Ink (40mL) - Imayouiro","$40.00"
"Kyo No Oto Bottled Fountain Pen Ink (40mL) - Nurebairo","$40.00"
"Kyo Iro Bottled Fountain Pen Ink (40mL) - Cherry Blossom of Keage","$40.00"
"Kyo Iro Bottled Fountain Pen Ink (40mL) - Moonlight of Higashiyama","$40.00"
"Kyo Iro Bottled Fountain Pen Ink (40mL) - Flaming Red of Fushimi","$40.00"
"Kyo Iro Bottled Fountain Pen Ink (40mL) - Soft Snow of Ohara","$40.00"
"Kyo Iro Bottled Fountain Pen Ink (40mL) - Stone Road of Gion","$40.00"
"Kaweco Fountain Pen Ink (30mL) - Paradise Blue (Turquoise)","$17.00"
"Kaweco Fountain Pen Ink (30mL) - Royal Blue","$17.00"
"Kaweco Fountain Pen Ink (30mL) - Palm Green (Green)","$17.00"
"Platinum Classic Iron Gall Fountain Pen Ink (60 ml) - Lavender Black","$34.25"
"Platinum Classic Iron Gall Fountain Pen Ink (60 ml) - Sepia Black","$34.25"
"Platinum Classic Iron Gall Fountain Pen Ink (60 ml) - Khaki Black","$34.25"
"Platinum Classic Iron Gall Fountain Pen Ink (60 ml) - Citrus Black","$34.25"
"Platinum Classic Iron Gall Fountain Pen Ink (60 ml) - Forest Black","$34.25"
"Platinum Classic Iron Gall Fountain Pen Ink (60 ml) - Cassis Black","$34.25"
"Platinum Sepia Pigment Ink - 60mL","$27.50"
"Platinum Fountain Pen Ink (60 mL) - Pigment Blue","$27.50"
"Platinum Fountain Pen Ink (60 mL) - Carbon Black","$27.50"
"Platinum Fountain Pen Ink (60 mL) - Blue-Black","$27.50"
"Platinum Fountain Pen Ink (60 mL) - Black","$27.50"
"Pilot Fountain Pen Ink (70mL) - Black","$25.00"
"Pilot Fountain Pen Ink (70mL) - Blue","$25.00"
"Pilot Fountain Pen Ink (70mL) - Blue-Black","$25.00"
"Pilot Iroshizuku Fountain Pen Ink - Yu-Yake 50mL","$30.00"
"Pilot Iroshizuku Fountain Pen Ink - Yama-Guri 50mL","$30.00"
"Pilot Iroshizuku Fountain Pen Ink - Yama-budo 50mL","$30.00"
"Pilot Iroshizuku Fountain Pen Ink - Tsuki-yo 50mL","$30.00"
"Pilot Iroshizuku Fountain Pen Ink - Tsutsuji 50mL","$30.00"
"Pilot Iroshizuku Fountain Pen Ink - Tsuyu-Kusa 50mL","$30.00"
"Pilot Iroshizuku Fountain Pen Ink - Tsukushi 50mL","$30.00"
"Pilot Iroshizuku Fountain Pen Ink - Take-sumi 50mL","$30.00"
"Pilot Iroshizuku Fountain Pen Ink - Syo-Ro 50mL","$30.00"
"Pilot Iroshizuku Fountain Pen Ink - Shin-kai 50mL","$30.00"
"Pilot Iroshizuku Fountain Pen Ink - Shin-Ryoku 50mL","$30.00"
"Pilot Iroshizuku Fountain Pen Ink - Murasaki-Shikibu 50mL","$30.00"
"Pilot Iroshizuku Fountain Pen Ink - Momiji 50mL","$30.00"
"Pilot Iroshizuku Fountain Pen Ink - Kiri-Same 50mL","$30.00"
"Pilot Iroshizuku Fountain Pen Ink - Kon-peki 50mL","$30.00"
"Pilot Iroshizuku Fountain Pen Ink - Kosumosu 50mL","$30.00"
"Pilot Iroshizuku Fountain Pen Ink - Ku-Jaku 50mL","$30.00"
"Pilot Iroshizuku Fountain Pen Ink - Ina-ho 50mL","$30.00"
"Pilot Iroshizuku Fountain Pen Ink - Fuyu-Syogun 50mL","$30.00"
"Pilot Iroshizuku Fountain Pen Ink - Fuyu-Gaki 50mL","$30.00"
"Pilot Iroshizuku Fountain Pen Ink - Chiku-Rin 50mL","$30.00"
"Pilot Iroshizuku Fountain Pen Ink - Asa-gao 50mL","$30.00"
"Pilot Iroshizuku Fountain Pen Ink - Ama-iro 50mL","$30.00"
"Pilot Iroshizuku Fountain Pen Ink - Ajisai 50mL","$30.00"
"Platinum Ink Cartridges - Blue-Black (Box of 10)","$9.50"
"Platinum Ink Cartridges - Red (Box of 10)","$9.50"
"Platinum Ink Cartridges - Black (Box of 10)","$9.50"
"Pilot Ink Cartridges - Red","$3.00"
"Pilot Ink Cartridges - Black","$3.00"
"Pilot Ink Cartridges - Blue","$3.00"
"Diamine Fountain Pen Ink (80mL) - Hope Pink","$15.00"
"J. Herbin 350th Anniversary Fountain Pen Ink Set (100mL) - Violette Pensee (purple)","$81.00"
"J. Herbin 350th Anniversary Fountain Pen Ink Set (100mL) - Vert Reseda (green)","$81.00"
"J. Herbin 350th Anniversary Fountain Pen Ink Set (100mL) - Rouge Caroubier (red)","$81.00"
"J. Herbin 350th Anniversary Fountain Pen Ink Set (100mL) - Bleu Myosotis (blue)","$81.00"
"J. Herbin 350th Anniversary Fountain Pen Ink Set (100mL) - Perle Noire (black)","$81.00"
"J. Herbin Ink Cartridges - Lierre Sauvage","$6.00"
"J. Herbin Ink Cartridges - Orange Indien","$6.00"
"J. Herbin Ink Cartridges - Poussiere de Lune","$6.00"
"J. Herbin Ink Cartridges - Rouge Caroubier","$6.00"
"J. Herbin Ink Cartridges - Eclat de Saphir","$6.00"
"J. Herbin Ink Cartridges - Bleu Pervenche","$6.00"
"J. Herbin Ink Cartridges - Perle Noire","$6.00"
"J. Herbin 1798 Anniversary Fountain Pen Ink (50mL) - Amethyste de l'Oural","$40.00"
"J. Herbin 1798 Anniversary Fountain Pen Ink (50mL) - Cornaline d'Egypte","$40.00"
"J. Herbin 1798 Anniversary Fountain Pen Ink (50mL) - Kyanite du Nepal","$40.00"
"J. Herbin 1670 Anniversary Fountain Pen Ink (50mL) - Caroube De Chypre","$40.00"
"J. Herbin 1670 Anniversary Fountain Pen Ink (50mL) - Rouge Hematite","$40.00"
"J. Herbin 1670 Anniversary Fountain Pen Ink (50mL) - Bleu Ocean","$40.00"
"J. Herbin 1670 Anniversary Fountain Pen Ink (50mL) - Stormy Grey","$40.00"
"J. Herbin Fountain Pen Ink (30mL) - Larmes De Cassis","$15.00"
"J. Herbin Fountain Pen Ink (30mL) - Violette Pensee","$15.00"
"J. Herbin Fountain Pen Ink (30mL) - Rose Cyclamen","$15.00"
"J. Herbin Fountain Pen Ink (30mL) - Orange Indien","$15.00"
"J. Herbin Fountain Pen Ink (30mL) - Bouton D'or","$15.00"
"J. Herbin Fountain Pen Ink (30mL) - Poussiere De Lune","$15.00"
"J. Herbin Fountain Pen Ink (30mL) - Terre De Feu","$15.00"
"J. Herbin Fountain Pen Ink (30mL) - Cafe Des Iles","$15.00"
"J. Herbin Fountain Pen Ink (30mL) - Cacao Du Bresil","$15.00"
"J. Herbin Fountain Pen Ink (30mL) - Lie De The","$15.00"
"J. Herbin Fountain Pen Ink (30mL) - Ambre De Birmanie","$15.00"
"J. Herbin Fountain Pen Ink (30mL) - Vert Empire","$15.00"
"J. Herbin Fountain Pen Ink (30mL) - Lierre Sauvage","$15.00"
"J. Herbin Fountain Pen Ink (30mL) - Vert Olive","$15.00"
"J. Herbin Fountain Pen Ink (30mL) - Diabolo Menthe","$15.00"
"J. Herbin Fountain Pen Ink (30mL) - Rouge Caroubier","$15.00"
"J. Herbin Fountain Pen Ink (30mL) - Bleu Nuit","$15.00"
"J. Herbin Fountain Pen Ink (30mL) - Eclat de Saphir","$15.00"
"J. Herbin Fountain Pen Ink (30mL) - Bleu Myosotis","$15.00"
"J. Herbin Fountain Pen Ink (30mL) - Bleu Azur","$15.00"
"J. Herbin Fountain Pen Ink (30mL) - Bleu Pervenche","$15.00"
"J. Herbin Fountain Pen Ink (30mL) - Perle Noire","$15.00"
"J. Herbin Fountain Pen Ink (30mL) - Gris Nuage","$15.00"
"J. Herbin Fountain Pen Ink (30mL) - Bouquet d'Antan","$15.00"
"J. Herbin Fountain Pen Ink (30mL) - Corail Des Tropiques","$15.00"
"J. Herbin Fountain Pen Ink (30mL) - Rouille D'ancre","$15.00"
"J. Herbin Fountain Pen Ink (30mL) - Rouge Grenat","$15.00"
"J. Herbin Fountain Pen Ink (30mL) - Bleu Des Profondeurs","$15.00"
"J. Herbin Fountain Pen Ink (30mL) - Bleu Calanque","$15.00"
"J. Herbin Fountain Pen Ink (30mL) - Vert De Gris","$15.00"
"J. Herbin 350th Anniversary Fountain Pen Ink (500mL) - Violette Pensee (purple)","$72.00"
"J. Herbin 350th Anniversary Fountain Pen Ink (500mL) - Vert Reseda (green)","$72.00"
"J. Herbin 350th Anniversary Fountain Pen Ink (500mL) - Rouge Caroubier (red)","$72.00"
"J. Herbin 350th Anniversary Fountain Pen Ink (500mL) - Bleu Myosotis (blue)","$72.00"
"J. Herbin 350th Anniversary Fountain Pen Ink (500mL) - Perle Noire (black)","$72.00"
"Ferris Wheel Press Fountain Pen Ink - Tanzanite Sky 85mL","$48.00"
"Ferris Wheel Press Fountain Pen Ink - Strawberry Macaron 85mL","$48.00"
"Ferris Wheel Press Fountain Pen Ink - Sweet Honeydew 85mL","$48.00"
"Ferris Wheel Press Fountain Pen Ink - Pumpkin Patch 85mL","$48.00"
"Ferris Wheel Press Fountain Pen Ink - Pink Eraser 85mL","$48.00"
"Ferris Wheel Press Fountain Pen Ink - Peppermint Drop 85mL","$48.00"
"Ferris Wheel Press Fountain Pen Ink - Little Robinia 85mL","$48.00"
"Ferris Wheel Press Fountain Pen Ink - Lady Rose 85mL","$48.00"
"Ferris Wheel Press Fountain Pen Ink - Jelly Bean Blue 85mL","$48.00"
"Ferris Wheel Press Fountain Pen Ink - Grape Ice Pop 85mL","$48.00"
"Ferris Wheel Press Fountain Pen Ink - Cream of Earl 85mL","$48.00"
"Ferris Wheel Press Fountain Pen Ink - Candy Marsala 85mL","$48.00"
"Ferris Wheel Press Fountain Pen Ink - Bluegrass Velvet 85mL","$48.00"
"Ferris Wheel Press Fountain Pen Ink - Buttered Popcorn 85mL","$48.00"
"Ferris Wheel Press Fountain Pen Ink - Blue Cotton Candy 85mL","$48.00"
"Diamine Fountain Pen Ink (80mL) - Wild Strawberry","$15.00"
"Diamine Fountain Pen Ink (80mL) - Tobacco Sunburst","$16.00"
"Diamine Fountain Pen Ink (80mL) - Syrah","$16.00"
"Diamine Shimmertastic: Wine Divine (50 mL)","$19.00"
"Diamine Shimmertastic: Tropical Glow (50 mL)","$19.00"
"Diamine Shimmertastic: Spearmint Diva (50 mL)","$19.00"
"Diamine Shimmertastic: Sparkling Shadows (50 mL)","$19.00"
"Diamine Shimmertastic: Shimmering Seas (50 mL)","$19.00"
"Diamine Shimmertastic: Red Lustre(50 mL)","$19.00"
"Diamine Shimmertastic: Purple Pazzazz (50 mL)","$19.00"
"Diamine Shimmertastic: Pink Glitz (50 mL)","$19.00"
"Diamine Shimmertastic: Night Sky (50 mL)","$19.00"
"Diamine Shimmertastic: Moon Dust (50 mL)","$19.00"
"Diamine Shimmertastic: Magical Forest (50 mL)","$19.00"
"Diamine Shimmertastic: Magenta Flash (50 mL)","$19.00"
"Diamine Shimmertastic: Lilac Satin (50 mL)","$19.00"
"Diamine Shimmertastic: Inferno Orange (50 mL)","$19.00"
"Diamine Fountain Pen Ink (80mL) - Sherwood Green","$16.00"
"Diamine Shimmertastic: Cocoa Shimmer (50 mL)","$19.00"
"Diamine Shimmertastic: Cobalt Jazz (50 mL)","$19.00"
"Diamine Shimmertastic: Citrus Ice (50 mL)","$19.00"
"Diamine Shimmertastic: Caramel Sparkle (50 mL)","$19.00"
"Diamine Shimmertastic: Golden Sands (50 mL)","$19.00"
"Diamine Shimmertastic: Golden Oasis (50 mL)","$19.00"
"Diamine Shimmertastic: Golden Ivy (50 mL)","$19.00"
"Diamine Shimmertastic: Frosted Orchid (50 mL)","$19.00"
"Diamine Shimmertastic: Firestorm Red (50 mL)","$19.00"
"Diamine Shimmertastic: Firefly (50 mL)","$19.00"
"Diamine Shimmertastic: Enchanted Ocean (50 mL)","$19.00"
"Diamine Shimmertastic: Electric Pink (50 mL)","$19.00"
"Diamine Shimmertastic: Brandy Dazzle (50 mL)","$19.00"
"Diamine Shimmertastic: Blue Pearl (50 mL)","$19.00"
"Diamine Shimmertastic: Blue Lightning (50 mL)","$19.00"
"Diamine Shimmertastic: Blue Flame (50 mL)","$19.00"
"Diamine Fountain Pen Ink (80mL) - Sargasso Sea","$15.00"
"Diamine Shimmertastic: Arctic Blue (50 mL)","$19.00"
"Diamine Shimmertastic: Arabian Nights (50 mL)","$19.00"
"Diamine Fountain Pen Ink (80mL) - Salamander","$15.00"
"Diamine Fountain Pen Ink (80mL) - Rustic Brown","$16.00"
"Diamine Fountain Pen Ink (80mL) - Red Dragon","$16.00"
"Diamine Fountain Pen Ink (80mL) - Raw Sienna","$15.00"
"Diamine Fountain Pen Ink (80mL) - Pumpkin","$16.00"
"Diamine Fountain Pen Ink (80mL) - Pelham Blue","$16.00"
"Diamine Fountain Pen Ink (80mL) - Oxblood","$16.00"
"Diamine Fountain Pen Ink (80mL) - Onyx Black","$16.00"
"Diamine Fountain Pen Ink (80mL) - Ochre","$16.00"
"Diamine Fountain Pen Ink (80mL) - Meadow","$16.00"
"Diamine Fountain Pen Ink (80mL) - Majestic Blue","$16.00"
"Diamine Fountain Pen Ink (80mL) - Jet Black","$16.00"
"Diamine Fountain Pen Ink (80mL) - Honey Burst","$16.00"
"Diamine Fountain Pen Ink (80mL) - Evergreen","$16.00"
"Diamine Fountain Pen Ink (80mL) - Eclipse","$16.00"
"Diamine Fountain Pen Ink (80mL) - Earl Grey","$16.00"
"Diamine Fountain Pen Ink (80mL) - Desert Burst","$16.00"
"Diamine Fountain Pen Ink (80mL) - Denim","$16.00"
"Diamine Fountain Pen Ink (80mL) - Damson","$16.00"
"Diamine Fountain Pen Ink (80mL) - Chocolate Brown","$16.00"
"Diamine Fountain Pen Ink (80mL) - Cherry Sunburst","$16.00"
"Diamine Fountain Pen Ink (80mL) - Bilberry","$16.00"
"Diamine Fountain Pen Ink (80mL) - Autumn Oak","$16.00"
"Diamine Fountain Pen Ink (80mL) - Aurora Borealis","$16.00"
"Diamine 150th Anniversary ink: Tudor Blue (40 mL)","$17.00"
"Diamine 150th Anniversary ink: Tropical Green (40 mL)","$17.00"
"Diamine 150th Anniversary ink: Terracotta (40 mL)","$17.00"
"Diamine 150th Anniversary ink: Silver Fox (40 mL)","$17.00"
"Diamine 150th Anniversary ink: Safari (40 mL)","$17.00"
"Diamine 150th Anniversary ink: Regency Blue (40 mL)","$17.00"
"Diamine Registrars Archival Fountain Pen Ink (30mL) - Blue-Black","$16.00"
"Diamine 150th Anniversary ink: Purple Dream (40 mL)","$17.00"
"Diamine Fountain Pen Ink (80mL) - Ancient Copper","$16.00"
"Diamine 150th Anniversary ink: Lilac Night (40 mL)","$17.00"
"Diamine 150th Anniversary ink: Golden Honey (40 mL)","$17.00"
"Diamine 150th Anniversary ink: Espresso (40 mL)","$17.00"
"Diamine 150th Anniversary ink: Dark Forest (40 mL)","$17.00"
"Diamine 150th Anniversary ink: Carnival (40 mL)","$17.00"
"Diamine 150th Anniversary ink: Burgundy Royale (40 mL)","$17.00"
"Diamine 150th Anniversary ink: Blue Velvet (40 mL)","$17.00"
"Diamine 150th Anniversary Ink (40 mL)- 1864 Blue Black","$17.00"
"Diamine 150th Anniversary ink: Blood Orange (40 mL)","$17.00"
"Rohrer & Klingner Fountain Pen Ink (50mL) - 2019 Special Edition - Schreibtinte Kastanienbraun (Maroon)","$20.00"
"Rohrer & Klingner Fountain Pen Ink (50mL) - Eisen-Gallus-Tinte Salix (Iron Gall Blue)","$14.00"
"Rohrer & Klingner Fountain Pen Ink (50mL) - Eisen-Gallus-Tinte Scabiosa (Iron Gall Purple)","$14.00"
"Rohrer & Klingner Fountain Pen Ink (50mL) - Leipziger Schwarz (Black)","$14.00"
"Rohrer & Klingner Fountain Pen Ink (50mL) - Sepia","$14.00"
"Rohrer & Klingner Fountain Pen Ink (50mL) - Alt-Goldgrun (Old Golden Green)","$14.00"
"Rohrer & Klingner Fountain Pen Ink (50mL) - Verdura","$14.00"
"Rohrer & Klingner Fountain Pen Ink (50mL) - Smaragdgrun","$14.00"
"Rohrer & Klingner Fountain Pen Ink (50mL) - Verdigris","$14.00"
"Rohrer & Klingner Fountain Pen Ink (50mL) - Blu Mare","$14.00"
"Rohrer & Klingner Fountain Pen Ink (50mL) - Blau permanent (Blue)","$14.00"
"Rohrer & Klingner Fountain Pen Ink (50mL) - Konigsblau","$14.00"
"Rohrer & Klingner Fountain Pen Ink (50mL) - Cassia","$14.00"
"Rohrer & Klingner Fountain Pen Ink (50mL) - Solferino (Violet)","$14.00"
"Rohrer & Klingner Fountain Pen Ink (50mL) - Alt-Bordeaux (Deep Red)","$14.00"
"Rohrer & Klingner Fountain Pen Ink (50mL) - Magenta","$14.00"
"Rohrer & Klingner Fountain Pen Ink (50mL) - Fernambuk","$14.00"
"Rohrer & Klingner Fountain Pen Ink (50mL) - Morinda (Red)","$14.00"
"Rohrer & Klingner Fountain Pen Ink (50mL) - Helianthus (Yellow)","$14.00"
"Parker Quink Ink Cartridges - Blue","$6.00"
"Parker Quink Ink Cartridges - Black","$6.00"
"Kaweco Fountain Pen Ink (30mL) - Sunrise Orange","$17.00"
"Noodler's Fountain Pen Ink (3oz/90mL) - Raven Black - Canadian Exclusive","$18.75"
"Noodler's Fountain Pen Ink (3oz/90mL) - Blue Upon The Plains of Abraham - Canadian Exclusive","$18.75"
"Noodler's Fountain Pen Ink (3oz/90mL) - Kung Te-cheng","$28.00"
"Noodler's Fountain Pen Ink 4.5oz Eyedropper with free fountain pen- Nikita","$28.00"
"Noodler's Fountain Pen Ink 4.5oz Eyedropper with free fountain pen- Heart of Darkness","$28.00"
"Noodler's Fountain Pen Ink (1oz/30mL) - The Whiteness of the Whale","$19.00"
"Noodler's Fountain Pen Ink (3oz/90mL) - Polar Brown","$18.75"
"Noodler's Fountain Pen Ink (3oz/90mL) - Polar Blue","$18.75"
"Noodler's Fountain Pen Ink (3oz/90mL) - Eel Cactus Fruit","$18.75"
"Noodler's Fountain Pen Ink (3oz/90mL) - Eel Gruene Cactus","$18.75"
"Noodler's Fountain Pen Ink (3oz/90mL) - Eel Blue","$18.75"
"Noodler's Fountain Pen Ink (3oz/90mL) - Eel Rattler Red","$18.75"
"Noodler's Fountain Pen Ink (3oz/90mL) - Polar Black","$18.75"
"Noodler's Fountain Pen Ink (3oz/90mL) - Blue Ghost","$19.00"
"Noodler's Fountain Pen Ink (1oz/30mL) - Fox Red","$19.00"
"Noodler's Fountain Pen Ink (3oz/90mL) - Firefly","$18.75"
"Noodler's Fountain Pen Ink (3oz/90mL) - Ottoman Rose","$18.75"
"Noodler's Fountain Pen Ink (3oz/90mL) - Bernanke Blue","$18.75"
"Noodler's Fountain Pen Ink (3oz/90mL) - El Lawrence","$28.00"
"Noodler's Fountain Pen Ink (3oz/90mL) - Park Red","$18.75"
"Noodler's Fountain Pen Ink (3oz/90mL) - General of the Armies","$18.75"
"Noodler's Fountain Pen Ink (3oz/90mL) - 54th Massachusetts","$18.75"
"Noodler's Fountain Pen Ink (3oz/90mL) - Q'Ternity Blue-Black","$18.75"
"Noodler's Fountain Pen Ink (3oz/90mL) - Rome Burning","$18.75"
"Noodler's Fountain Pen Ink (3oz/90mL) - Bernanke Black","$18.75"
"Noodler's Fountain Pen Ink (3oz/90mL) - Black Swan in Australian Roses","$18.75"
"Noodler's Fountain Pen Ink (3oz/90mL) - #41 Brown","$18.75"
"Noodler's Fountain Pen Ink (3oz/90mL) - Black Moccasin","$18.75"
"Noodler's Fountain Pen Ink (3oz/90mL) - Bad Blue Heron","$18.75"
"Noodler's Fountain Pen Ink (3oz/90mL) - Burma Road Brown","$18.75"
"Noodler's Fountain Pen Ink (3oz/90mL) - V-mail Operation Overlord Orange","$18.75"
"Noodler's Fountain Pen Ink (3oz/90mL) - V-Mail Midway Blue","$18.75"
"Noodler's Fountain Pen Ink (3oz/90mL) - North African Violet","$18.75"
"Noodler's Fountain Pen Ink (3oz/90mL) - Dark Matter","$18.75"
"Noodler's Fountain Pen Ink (3oz/90mL) - Borealis Black","$18.75"
"Noodler's Fountain Pen Ink (3oz/90mL) - Baystate Blue","$18.75"
"Noodler's Fountain Pen Ink (3oz/90mL) - Dragon's Napalm","$18.75"
"Noodler's Fountain Pen Ink (3oz/90mL) - X-feather","$18.75"
"Noodler's Fountain Pen Ink (3oz/90mL) - Lexington Gray","$18.75"
"Noodler's Fountain Pen Ink (3oz/90mL) - Purple Martin","$18.75"
"Noodler's Fountain Pen Ink (3oz/90mL) - Aircorp Blue Black","$18.75"
"Noodler's Fountain Pen Ink (3oz/90mL) - Green Marine","$18.75"
"Noodler's Fountain Pen Ink (3oz/90mL) - Navy","$18.75"
"Noodler's Fountain Pen Ink (3oz/90mL) - Black Swan in English Roses","$18.75"
"Noodler's Fountain Pen Ink (3oz/90mL) - Shah's Rose","$18.75"
"Noodler's Fountain Pen Ink (3oz/90mL) - Ottoman Azure","$18.75"
"Noodler's Fountain Pen Ink (3oz/90mL) - Tiananmen","$18.75"
"Noodler's Fountain Pen Ink (3oz/90mL) - Navajo Turquoise","$18.75"
"Noodler's Fountain Pen Ink (3oz/90mL) - Zhivago","$18.75"
"Noodler's Fountain Pen Ink (3oz/90mL) - Nightshade","$18.75"
"Noodler's Fountain Pen Ink (3oz/90mL) - Sequoia Green","$18.75"
"Noodler's Fountain Pen Ink (3oz/90mL) - Squeteague","$18.75"
"Noodler's Fountain Pen Ink (3oz/90mL) - Apache Sunset","$18.75"
"Noodler's Fountain Pen Ink (3oz/90mL) - Habanero","$18.75"
"Noodler's Fountain Pen Ink (3oz/90mL) - Red-Black","$18.75"
"Noodler's Fountain Pen Ink (3oz/90mL) - Walnut","$18.75"
"Noodler's Fountain Pen Ink (3oz/90mL) - Brown","$18.75"
"Noodler's Fountain Pen Ink (3oz/90mL) - Blue-Black","$18.75"
"Noodler's Fountain Pen Ink (3oz/90mL) - Antietam","$18.75"
"Noodler's Fountain Pen Ink (3oz/90mL) - Burgundy","$18.75"
"Noodler's Fountain Pen Ink (3oz/90mL) - Golden Brown","$18.75"
"Noodler's Fountain Pen Ink (3oz/90mL) - Kiowa Pecan","$18.75"
"Noodler's Fountain Pen Ink (3oz/90mL) - Army Green","$18.75"
"Noodler's Fountain Pen Ink (3oz/90mL) - Violet","$18.75"
"Noodler's Fountain Pen Ink (3oz/90mL) - Midnight Blue","$18.75"
"Noodler's Fountain Pen Ink (3oz/90mL) - Turquoise","$18.75"
"Noodler's Fountain Pen Ink (3oz/90mL) - Blue","$18.75"
"Noodler's Fountain Pen Ink (3oz/90mL) - Black","$18.75"
"Pelikan 4001 Fountain Pen Ink (62.5mL) - Brilliant Brown","$22.50"
"Pelikan 4001 Fountain Pen Ink (62.5mL) - Brilliant Red","$22.50"
"J. Herbin 1670 Anniversary Fountain Pen Ink (50mL) - Emeraude de Chivor","$40.00"
"Sailor Manyo Fountain Pen Ink (50mL) - Yamabuki","$35.00"
"Sailor Manyo Fountain Pen Ink (50mL) - Kuzu","$35.00"
"Sailor Manyo Fountain Pen Ink (50mL) - Akebi","$35.00"
"Sailor Manyo Fountain Pen Ink (50mL) - Nekoyanagi","$35.00"
"Sailor Manyo Fountain Pen Ink (50mL) - Kikyou","$35.00"
"Sailor Manyo Fountain Pen Ink (50mL) - Sumire","$35.00"
"Sailor Manyo Fountain Pen Ink (50mL) - Yomogi","$35.00"
"Sailor Manyo Fountain Pen Ink (50mL) - Haha","$35.00"
"Sailor Bottled Fountain Pen Ink (50mL) - Souboku Pigment Ink","$35.00"
"Sailor Bottled Fountain Pen Ink (50mL) - Sei-Boku Nano Carbon Blue-Black","$35.00"
"Sailor Shikiori Fountain Pen Ink - Shimoyo","$20.00"
"Sailor Shikiori Fountain Pen Ink - Yonaga","$20.00"
"Sailor Shikiori Fountain Pen Ink - Yodaki","$20.00"
"Sailor Shikiori Fountain Pen Ink - Yozakura","$20.00"
"Sailor Shikiori Fountain Pen Ink (20mL) - Chushu","$20.00"
"Sailor Shikiori Fountain Pen Ink (20mL) - Kin-Mokusei","$20.00"
"Sailor Shikiori Fountain Pen Ink (20mL) - Rikyucha","$20.00"
"Sailor Shikiori Fountain Pen Ink (20mL) - Fujisugata","$20.00"
"Sailor Shikiori Fountain Pen Ink (20mL) - Sakuramori","$20.00"
"Sailor Shikiori Fountain Pen Ink (20mL) - Wakauguisu","$20.00"
"Sailor Shikiori Fountain Pen Ink (20mL) - Yukiakari","$20.00"
"Sailor Shikiori Fountain Pen Ink (20mL) - Irori","$20.00"
"Sailor Shikiori Fountain Pen Ink (20mL) - Okuyama","$20.00"
"Sailor Shikiori Fountain Pen Ink (20mL) - Yamadori","$20.00"
"Sailor Shikiori Fountain Pen Ink (20mL) - Doyou","$20.00"
"Sailor Shikiori Fountain Pen Ink (20mL) - Souten","$20.00"
"Sailor Shikiori Fountain Pen Ink (20mL) - Miruai","$20.00"
"Sailor Shikiori Fountain Pen Ink (20mL) - Nioisumire","$20.00"
"Sailor Shikiori Fountain Pen Ink (20mL) - Tokiwamatsu","$20.00"
"Sailor Shikiori Fountain Pen Ink (20mL) - Shigure","$20.00"
"Sailor Bottled Fountain Pen Ink (50mL) - Blue-Black","$17.50"
"Sailor Bottled Fountain Pen Ink (50mL) - Blue","$17.50"
"Sailor Bottled Fountain Pen Ink (50mL) - Black","$17.50"
"Sailor Ink Cartridges - Souboku Nano Blue-Black Carbon","$13.75"
"Sailor Ink Cartridges - Sei Boku Nano Blue-Black Carbon","$13.75"
"Sailor Ink Cartridges - Kiwa-Guro Nano Black Carbon (Ultra Black)","$13.75"
"Aurora Fountain Pen Ink (45mL) - Black","$29.00"
"Aurora Fountain Pen Ink (45mL) - Blue-Black","$29.00"
"Aurora Fountain Pen Ink (45mL) - Blue","$29.00"
"Platinum Ink Cartridges - Carbon Black (Box of 4)","$5.00"
"Kaweco Ink Cartridges - Smokey Grey (Grey)","$3.00"
"Kaweco Ink Cartridges - Paradise Blue (Turquoise)","$3.00"
"Kaweco Ink Cartridges - Caramel Brown (Brown)","$3.00"
"Kaweco Ink Cartridges - Midnight Blue (Blue-Black)","$3.00"
"Kaweco Ink Cartridges - Pearl Black (Black)","$3.00"
"Kaweco Ink Cartridges - Sunrise Orange (Orange)","$3.00"
"Kaweco Ink Cartridges - Royal Blue","$3.00"
"Kaweco Ink Cartridges - Summer Purple (Purple)","$3.00"
"Kaweco Ink Cartridges - Palm Green (Green)","$3.00"
"Kaweco Ink Cartridges - Ruby Red (Red)","$3.00"